Оригинал	Перевод	Упомянания
Velvet Shade Guest	Гость бархатной тени	1054
Song Jiu	Сунь Цзю	96
Xiaozhi	Сяоцзы	12
Cen Sheng	Чэнь Шэн	1
Xuan Lian	Сюань Лянь	3
Wandering Tales	Активности	77
Douzi	Дуцзы	19
Sun Buqi	Сун Буци	83
Ni Laoshan	Ни Лаошань	56
Pan Pinxuan	Пан Пинхуань	9
Peng Qing	Пэн Цин	6
Wang Dashen	Ван Дашэнь	4
Pitch Pot Banquet	Торжественный банкет Тоуху	1
Cloudburst Healing	Облачная вспышка исцеления	26
Scroll of Flame	Свиток пламени	2
Professor Backtrack	Профессор Возврат	3
Xiaoyao	Сяояо	59
Song Dynasty	Династия Сунь	334
Shi Xiaoshui	Ши Сяошуй	1
Prince Ziwu's Ding	Принц Цзыу Дин	1
Chu Shuiyang	Чу Шуйянь	42
Meow Meow	Мяу-Мяу	1146
Soulrend Forest-Cloud Steps	Ступени лесного облака Разрыва Душ	1
Perception Forest Quest	Восприятие Лесного Квеста	211
Zheng E	Чжэн И	240
Jia Youyou	Цзя Юю	7
Windsong	Песнь Ветра	1
Meng Yi	Мэн И	4
Hall of Seasons	Зал Сезонов	10
Bellstrike - Umbra	Удар Колокола - Мгла	47
Song Jiu	Сунь Цзю	96
Yan Chuchu	Ян Чучу	6
Sun San	Сун Сан	4
Yin Tiantian	Инь Тяньтянь	2
Liu Baiyu	Лю Байю	18
Ghost Revelry Hall Swordsman	Мечник Призрачного Зала Веселья	289
Xiaoba	Сяоба	22
Wang Dayan	Ван Даян	105
Sun Sisi	Сунь Сиси	48
Shadowed Edge	Теневой край	8
Heavenquaker Spear	Копьё Сотрясателя Небес	136
Soaring Spin	Парящее вращение	5
Sixteen Lanes Windtail	Шестнадцать Переулков Ветрохвоста	72
Sandstorm Tavern	Таверна Песчаной Бури	797
Xuan Lian	Сюань Лянь	3
Soaring Spin	Парящее вращение	5
Ruby	Руби	448
Touhu	Тоуху	8
Harvestfall Village	Деревня Сбора Урожая	891
Jianghu	Цзянху	2721
Murong Yuan	Мужун Юань	258
Qinghe	Цинхэ	1929
Jianlong Temple	Храм Цзяньлун	87
Plainfield	Равнины	122
Master of Grain	Повелитель Зерна	89
Stonesplit Attack	Атака рассекающая камни	311
Kaifeng Prefecture	Префектура Кайфэн	275
Mercyheart Town	Город Милосердного Сердца	335
Leifeng Pagoda	Пагода Лейфенг	2
Bladebound Thread	Узы Клинка	40
Vendetta Mark	Метка Мести	0
Rodent Hunt	Крысиная Охота	4
Yao Lingling	Яо Линлин	11
Jin Xiaozhu	Цзинь Сяочжу	4
Sun Yong'an	Сунь Юнъань	2
Mu Xiangsong	Му Сянсон	1
Great Song Prefecture Hall	Префектура Великой Сун	85
Baojin Tower	Башня Баоцзинь	82
Homey Inn	Уютная Гостиница	20
Eastern Fence Court	Восточный Двор	24
Song Sanshi	Сун Саньши	22
Song Wu	Сун У	32
Song Yi	Сун И	23
Song Liu	Сун Лю	8
Sun Yutang	Сунь Юйтан	24
Sun Sheng	Сунь Шэн	16
Sun Yuan	Сунь Юань	66
Sun Linghai	Сунь Линхай	7
Sun Wu	Сунь У	36
Sun Mengliang's Grocery Stall	Ларек Сунь Мэнляна	6
Sun Bin	Сунь Бинь	7
Sun She	Сунь Шэ	23
Sun Hai	Сунь Хай	8
Wu Yong	У Юн	4
Liu Yong	Лю Юн	4
Shi Yong	Ши Юн	2
Lou Yong	Лоу Юн	1
Li Yong	Ли Юн	1
Cai Yong	Цай Юн	4
Fang Yong	Фан Юн	1
Zhong Yong	Чжун Юн	1
Wusun Western Rarity - Xing	Западная Редкость Усунь - Син	1
Wusun Western Rarity - Jinbo	Западная Редкость Усунь - Цзиньбо	1
Wusun Western Rarity - Jinbiao	Западная Редкость Усунь - Цзиньбяо	1
Wusun Western Rarity - Jinzhui	Западная Редкость Усунь - Цзиньчжуй	1
Wusun Western Supreme -	Западное Верховное Усунь	0
Songyuan	Сунюань	7
Wu Songyuan	У Сунюань	4
Yong'an Cloth Trading House	Торговый дом Юнъань	1
Yonghui Administration	Управление Юнхуэй	1
Songshan Mountain	Гора Суншань	1
Lü Yongqiang	Люй Юнцян	2
An unworldly villager	Простой деревенский житель	68
Aunt Liu	Тетя Лю	23
Aunt Zhou	Тетя Чжоу	14
Auntie Tian	Тетя Тянь	10
Bai Dalu	Бай Далу	5
Bai Ji	Бай Цзи	16
Bai Kong'er	Бай Кунэр	5
Bai Mimao	Бай Мимао	4
Bai Min	Бай Минь	6
Bai Rong	Бай Жун	104
Bai Yunsheng	Бай Юньшэн	12
Bai Zhenzhen	Бай Чжэньчжэнь	22
Bai Zhu	Бай Чжу	15
Brother He	Брат Хэ	189
Chai Jin	Чай Цзинь	3
Chen Cheng	Чэнь Чэн	15
Chen Da	Чэнь Да	9
Chen Mei	Чэнь Мэй	9
Chen Qi	Чэнь Ци	8
Chen Quan	Чэнь Цюань	29
Chen Sheng	Чэнь Шэн	14
Chen Shisan	Чэнь Шисань	13
Chen Shu	Чэнь Шу	9
Chen Xiaolan	Чэнь Сяолань	6
Chen Xiaoyu	Чэнь Сяоюй	11
Chen Xidong	Чэнь Сидун	8
Chen Zixi	Чэнь Цзыси	22
Chou Wu	Чоу У	11
Chou Yin	Чоу Инь	13
Chu Qingquan	Чу Цинцюань	95
Commander Xiao	Командир Сяо	23
Dao Buping	Дао Бупин	8
Dian Wei	Дянь Вэй	4
Ding Yuan	Дин Юань	12
Doctor Tian	Доктор Тянь	83
Du Fu	Ду Фу	11
Elder Sun	Старейшина Сунь	16
Elder Yang	Старейшина Ян	28
Empress Wu	Императрица У	18
Fan Ruoshui	Фань Жошуй	10
Feng Dao	Фэн Дао	11
Feng Rusong	Фэн Жусун	6
Feng Ruzhi	Фэн Жучжи	57
Feng Sandao	Фэн Саньдао	15
Feng Shishi	Фэн Шиши	5
Feng Yan	Фэн Янь	5
Feng Yi	Фэн И	53
Feng Yi	Фэн И	53
Feng Yuji	Фэн Юйцзи	11
Fu Bing	Фу Бин	4
Fu Lubao	Фу Лубао	52
Fu Luwa	Фу Лува	10
Fu Rui	Фу Жуй	14
Fu Wenshu	Фу Вэньшу	10
Fu Xinlang	Фу Синьлан	4
Gong Jiang	Гун Цзян	23
Grandpa Zhou	Дедушка Чжоу	11
Granny Yin	Бабушка Инь	20
Guan Yu	Гуань Юй	24
Han Xin	Хань Синь	11
Han Yanluo	Хань Яньло	36
Hong Yang	Хун Ян	21
Hu Dugu	Ху Дугу	4
Hu Niu'er	Ху Нюэр	13
Hu Sanbao	Ху Саньбао	19
Hu Yan	Ху Янь	13
Hua Wuque	Хуа Уцюэ	15
Huajian Ke	Хуацзянь Кэ	247
Huo Feng	Хо Фэн	4
Iron Hammer Wang	Железный Молот Ван	39
Iron Hu	Железный Ху	9
Jiang Haijin	Цзян Хайцзинь	7
Jiang Haimiao	Цзян Хаймяо	5
Jiang Meiyan	Цзян Мэйянь	16
Jiang Ying	Цзян Ин	9
Jiang Yulang	Цзян Юйлан	9
Jin Huo	Цзинь Хо	31
Jin Xiaozhu	Цзинь Сяочжу	4
Jin Yunhai	Цзинь Юньхай	6
Jin Zhongyuan	Цзинь Чжунъюань	66
Jing Ke	Цзин Кэ	88
Ke Bineng	Кэ Бинэн	3
Kid Ke	Малыш Кэ	3
Lady Chen Lian	Леди Чэнь Лянь	7
Lady Zhou	Леди Чжоу	37
Li Aili	Ли Айли	16
Li An	Ли Ань	73
Li Fuyu	Ли Фуюй	25
Li Huahua	Ли Хуахуа	17
Li Huan	Ли Хуань	22
Li Ke	Ли Кэ	8
Li Meng	Ли Мэн	14
Li Shun	Ли Шунь	53
Li Si	Ли Сы	36
Li Wa	Ли Ва	23
Li Zhenzhen	Ли Чжэньчжэнь	38
Li Zuo	Ли Цзо	17
Little Lu	Маленький Лу	80
Liu Feihu	Лю Фэйху	27
Liu Fen	Лю Фэнь	20
Liu Jiumeng	Лю Цзюмэн	22
Liu Musan	Лю Мусань	19
Liu Qingyi	Лю Цинъи	132
Liu Rui	Лю Жуй	33
Liu Shishi	Лю Шиши	7
Liu the Woodcutter	Лю Дровосек	8
Liu Xiao'an	Лю Сяоань	16
Liu Xiaoshan	Лю Сяошань	8
Liu Zhiran	Лю Чжижань	7
Long Wu	Лун У	37
Lu Ban	Лу Бань	34
Lu Guifang	Лу Гуйфан	16
Lu Jingzong	Лу Цзинцзун	5
Lu Kangge	Лу Кангэ	14
Lu Ke	Лу Кэ	6
Lu Ping	Лу Пин	6
Lu Sheng	Лу Шэн	21
Lu Su	Лу Су	5
Lü Ye	Люй Е	4
Lu Yinge	Лу Ингэ	66
Lu Yuan	Лу Юань	8
Lu Yufang	Лу Юйфан	20
Lunar Goddess	Лунная Богиня	101
Madam Chen	Мадам Чэнь	5
Madam Shen	Мадам Шэнь	13
Madam Yan	Мадам Янь	23
Madam Zhang	Мадам Чжан	24
Martial Addict	Боевой Наркоман	18
Master Han	Мастер Хань	53
Master Wei	Мастер Вэй	38
Master Yan	Мастер Янь	22
Mi Fu	Ми Фу	6
Miner Zhou Fuye	Шахтер Чжоу Фуе	6
Mo Wu	Мо У	5
Mr. Song	Мистер Сун	7
Mu Bai	Му Бай	12
Old Jin	Старый Цзинь	100
Ouyang Ke	Оуян Кэ	3
Pilgrim Wu Qiyun	Пилигрим У Циюнь	6
Qi Feijun	Ци Фэйцзюнь	58
Qin Erge	Цинь Эргэ	14
Qin Horse	Цинь Лошадь	9
Qin Lao	Цинь Лао	14
Qin Ming	Цинь Мин	4
Qin Ruolan	Цинь Жолань	50
Qin Shi Huang	Цинь Ши Хуан	11
Qu Yuan	Цюй Юань	13
Rich Ye	Богатый Е	4
Rong Yi	Жун И	6
Scarred Zhang	Шрамированный Чжан	24
Scholar Hu	Ученый Ху	10
Senior Sister Han	Старшая Сестра Хань	14
Shang Lu	Шан Лу	32
Shen Hanying	Шэнь Ханьин	16
Shen Lingyue	Шэнь Линъюэ	20
Shen Luoyan	Шэнь Лоянь	11
Shen Pingbo	Шэнь Пинбо	16
Shen Wuqi	Шэнь Уци	35
Shen Yu	Шэнь Юй	103
Shi Ming	Ши Мин	14
Shi Shouxin	Ши Шоусинь	55
Shi Yimo	Ши Имо	80
Shi Zhen	Ши Чжэнь	41
Shopkeeper Fu	Хозяин Фу	26
Shopkeeper Shen	Хозяин Шэнь	11
Shopkeeper Wang	Хозяин Ван	14
Sixteen Lanes Yan Wu	Шестнадцать Переулков Янь У	15
Song Zhiwen	Сун Чживэнь	15
Squireling Wang	Сквайрлинг Ван	22
Su Qin	Су Цинь	6
Sun Dalu	Сунь Далу	3
Sun Lisan	Сунь Лисань	3
Sun Quan	Сунь Цюань	7
Sun Shangxiang	Сунь Шансян	3
Swordsman Lu Ke	Мечник Лу Кэ	4
Tang Ji'an	Тан Цзиань	17
Tang Shuhu	Тан Шуху	14
Tang Xiao'an	Тан Сяоань	10
Tang Xinci	Тан Синьцы	42
Tang Yue	Тан Юэ	31
Tian Danui	Тянь Дануй	5
Tian Erxiao	Тянь Эрсяо	3
Tian Heng	Тянь Хэн	9
Tian Qi	Тянь Ци	19
Tian Qiyao	Тянь Цияо	7
Tian You	Тянь Ю	12
Tian Yunniang	Тянь Юньнян	12
Tian Zhichi	Тянь Чжичи	8
Unfated Tian	Несужденный Тянь	20
Villager Liu	Житель Лю	7
Wang Dou	Ван Доу	8
Wang Duoli	Ван Доли	17
Wang Duolu	Ван Долу	21
Wang Guangyou	Ван Гуанъю	15
Wang Shisan	Ван Шисань	28
Wang Wei	Ван Вэй	21
Wang Xiangpi	Ван Сянпи	17
Wang Xizhi	Ван Сичжи	14
Wei Mingming	Вэй Минмин	6
Wei Qing	Вэй Цин	5
Wei Renpu	Вэй Жэньпу	15
Wei Ruoheng	Вэй Жохэн	21
Wei Shaoyan	Вэй Шаоянь	4
Wei Zhanmei	Вэй Чжаньмэй	16
Wei Zhixi	Вэй Чжиси	37
Widow Zhou	Вдова Чжоу	6
Wild Liu	Дикий Лю	10
Wu Caifeng	У Цайфэн	32
Wu Erbai	У Эрбай	7
Wu Jia	У Цзя	5
Wu Meilian	У Мэйлянь	12
Wu You	У Ю	8
Xiao Tianyun	Сяо Тяньюнь	17
Xiao Yu	Сяо Юй	20
Xie Ciniang	Се Цинян	17
Xie Hui	Се Хуэй	4
Xie Jinyu	Се Цзинью	3
Xie Lanzhi	Се Ланьчжи	8
Xie Qiong	Се Цюн	33
Xie Xiuyu	Се Сююй	25
Xie Yuanqin	Се Юаньцинь	7
Xie Yuanting	Се Юаньтин	38
Xie Yuanyu	Се Юаньюй	23
Xie Yun	Се Юнь	23
Xie Zehui	Се Цзэхуэй	4
Xie Zhaoming	Се Чжаомин	19
Xu Chengfeng	Сюй Чэнфэн	6
Xu Li	Сюй Ли	29
Xu Lingqiu	Сюй Линцю	7
Xu Meng'er	Сюй Мэнэр	8
Xu Ming	Сюй Мин	5
Xu Mobai	Сюй Мобай	4
Xu Ruogu	Сюй Жогу	8
Xu Yan	Сюй Янь	10
Yan Datie	Янь Дате	28
Yan Hui	Янь Хуэй	12
Yan Shiliu	Янь Шилю	142
Yan Tuo	Янь То	6
Yang Cun	Ян Цунь	45
Yang Dian	Ян Дянь	23
Yang Ming	Ян Мин	15
Yang Xin	Ян Синь	25
Yang Xing	Ян Син	26
Yang Yixian	Ян Исянь	12
Yao Yuan	Яо Юань	28
Ye Qingge	Е Цингэ	9
Ye Wanshan	Е Ваньшань	217
Ye Weizhao	Е Вэйчжао	4
Ye Xian	Е Сянь	4
Ye Xiaowu	Е Сяоу	4
Ye Youzhen	Е Ючжэнь	11
Ye Yuejun	Е Юэцзюнь	3
Yin Susu	Инь Сусу	3
Yin Wairan	Инь Вайжань	4
Yu Dalang	Юй Далан	22
Yu Dexian	Юй Дэсянь	31
Yu Hao	Юй Хао	12
Yu Xiuyuan	Юй Сююань	18
Yu Yuanbo	Юй Юаньбо	8
Yuan Jin'gang	Юань Цзиньган	34
Yuan Shen	Юань Шэнь	50
Yuan Sheng	Юань Шэн	27
Yuan Tiantian	Юань Тяньтянь	96
Yuan Xianxian	Юань Сяньсянь	61
Yuan Yimai	Юань Имай	15
Yuan Yuzang	Юань Юйцзан	14
Yue Xu	Юэ Сюй	4
Zhang Ankang	Чжан Анькан	65
Zhang Bao	Чжан Бао	88
Zhang Cuo	Чжан Цо	53
Zhang Dabao	Чжан Дабао	32
Zhang Dazhuang	Чжан Дачжуан	13
Zhang Hu	Чжан Ху	77
Zhang Jiushu	Чжан Цзюшу	12
Zhang Miliang	Чжан Милян	12
Zhang San	Чжан Сань	32
Zhang Sheng	Чжан Шэн	14
Zhang Wenqing	Чжан Вэньцин	28
Zhang Xukang	Чжан Сюкан	24
Zhao Chengzong	Чжао Чэнцзун	48
Zhao Ya	Чжао Я	27
Zhou Ehuang	Чжоу Эхуан	7
Zhou Qiqi	Чжоу Цици	35
Zhu Yu	Чжу Юй	164
Ai Ganjing	Ай Ганьцзин	7
Ai Mei	Ай Мэй	15
Ai Mu	Ай Му	16
Bai Rong	Бай Жун	104
Bai Zhu	Бай Чжу	15
Bao Si	Бао Сы	5
Bao the Snoop	Бао Снуп	3
Bao Tong	Бао Тун	4
Bao Xiaoxiao	Бао Сяосяо	3
Bao Yourong	Бао Южун	16
Bao Zheng	Бао Чжэн	3
Big Lin	Большой Линь	8
Bo Mu	Бо Му	3
Cao Cao	Цао Цао	6
Cao Erniu	Цао Эрню	7
Cao Hong	Цао Хун	2
Cao Jing	Цао Цзин	13
Cao Jinyang	Цао Цзиньян	8
Cao Jishan	Цао Цзишань	11
Cao Liang	Цао Лян	3
Cao Pi	Цао Пи	3
Cao Sheng	Цао Шэн	26
Cao Xie	Цао Се	5
Cao Zhi	Цао Чжи	9
Cao Zoulong	Цао Цзоулун	2
Chang Buxiu	Чан Бусю	32
Chang Cang	Чан Цан	4
Chang Kang	Чан Кан	3
Chang Kui	Чан Куй	3
Chang Qing	Чан Цин	7
Chang Sheng	Чан Шэн	5
Chang Wugong	Чан Угун	21
Chang Xiangsi	Чан Сянсы	31
Chen Cheng	Чэнь Чэн	15
Cheng A'zhuang	Чэн Ачжуан	3
Cheng Baijiu	Чэн Байцзю	4
Cheng Chang'e	Чэн Чанъэ	3
Cheng Dali	Чэн Дали	3
Cheng Qi	Чэн Ци	3
Cheng Shi	Чэн Ши	5
Cheng Su	Чэн Су	3
Cheng Wuqi	Чэн Уци	5
Cheng Xiaomin	Чэн Сяоминь	6
Cheng Xin	Чэн Синь	10
Cheng Yaojin	Чэн Яоцзинь	2
Cheng Yuan	Чэн Юань	4
Cheng Zhao	Чэн Чжао	5
Chi Jing	Чи Цзин	6
Chi Lin	Чи Линь	5
Chi Xin	Чи Синь	4
Ding Mu	Дин Му	21
Du Mu	Ду Му	3
Duan Yao	Дуань Яо	2
Emperor Ai	Император Ай	12
Fang Mo	Фан Мо	5
Fang Nai	Фан Най	8
Fang Qing	Фан Цин	4
Fang Tiantian	Фан Тяньтянь	5
Fang Wanjian	Фан Ваньцзянь	13
Fang Wenxiu	Фан Вэньсю	21
Fang Wuya	Фан Уя	13
Fang Xuanling	Фан Сюаньлин	5
Fang Yuyan	Фан Юйянь	3
Gao Qiu	Гао Цю	5
Granny Hong	Бабушка Хун	5
Granny Meng	Бабушка Мэн	6
Granny Qiu	Бабушка Цю	3
Granny Ren	Бабушка Жэнь	10
Gu San'ge	Гу Саньгэ	18
Gu Xunchan	Гу Сюньчань	3
Gu Yi	Гу И	6
Gu Yuanji	Гу Юаньцзи	4
Gu Zhi	Гу Чжи	25
Gui Hong	Гуй Хун	8
Guo Xin	Го Синь	19
Han Xin	Хань Синь	11
He Yao	Хэ Яо	2
Hong Lie	Хун Ле	6
Hong Qigong	Хун Цигун	3
Hong Sanniang	Хун Саньнян	6
Hong Si	Хун Сы	90
Hong Tao	Хун Тао	5
Hong Xian'er	Хун Сяньэр	4
Hong Xin	Хун Синь	2
Hong Yang	Хун Ян	21
Hua Jieyu	Хуа Цзеюй	37
Hua Jun	Хуа Цзюнь	3
Hua Luan	Хуа Лань	3
Hua Qian	Хуа Цянь	9
Hua Rong	Хуа Жун	3
Hua Tuan	Хуа Туань	3
Hua Tuo	Хуа То	24
Hua Wuque	Хуа Уцюэ	15
Hua Xian	Хуа Сянь	3
Hua Yu	Хуа Юй	3
Hua Zhiqing	Хуа Чжицин	10
Hua Zhitian	Хуа Чжитянь	5
Hua Ziqing	Хуа Цзыцин	7
Jiang Wei	Цзян Вэй	11
Jing Chaoyang	Цзин Чаоян	6
Jing Cheng	Цзин Чэн	3
Jing Cong	Цзин Цун	7
Jing Hu	Цзин Ху	3
Jing Ke	Цзин Кэ	88
Jing Shan	Цзин Шань	6
Jing Yi	Цзин И	8
Jing Yu	Цзин Юй	3
Kou Xin	Коу Синь	6
Li Meng	Ли Мэн	14
Li Xin	Ли Синь	3
Lin Daiyu	Линь Дайюй	3
Lin Haiping	Линь Хайпин	4
Lin Jin	Линь Цзинь	7
Lin Pingzhi	Линь Пинчжи	3
Lin Xiang	Линь Сян	3
Lin Xiangru	Линь Сянжу	3
Lin Xiansheng	Линь Сяньшэн	5
Lin Yao	Линь Яо	11
Lu Su	Лу Су	5
Ma Chao	Ма Чао	5
Ma Da	Ма Да	6
Ma Laosan	Ма Лаосань	45
Ma Man'er	Ма Маньэр	12
Ma Meile	Ма Мэйлэ	7
Ma Shenglu	Ма Шэнлу	19
Ma Shenglyu	Ма Шэнлюй	32
Ma Wu	Ма У	3
Ma Zhanchong	Ма Чжаньчун	3
Meng Ao	Мэн Ао	4
Meng Da	Мэн Да	12
Meng Dalang	Мэн Далан	11
Meng Jiaqi	Мэн Цзяци	8
Meng Panshuang	Мэн Паньшуан	3
Meng Sanzhi	Мэн Саньчжи	3
Meng Tian	Мэн Тянь	5
Meng Xuanzhe	Мэн Сюаньчжэ	8
Meng Zhixia	Мэн Чжися	7
Min Hong	Минь Хун	9
Mo Le	Мо Лэ	4
Mo Shuilu	Мо Шуйлу	4
Mo Wu	Мо У	5
Mo Yu'er	Мо Юйэр	29
Mu Bai	Му Бай	12
Mu Changyun	Му Чанъюнь	3
Mu Ci	Му Цы	5
Mu Guixin	Му Гуйсинь	21
Mu Hanying	Му Ханьин	14
Mu Jiren	Му Цзижэнь	6
Mu Wanqing	Му Ваньцин	3
Mu Yifei	Му Ифэй	5
Old Man Tao	Старик Тао	35
Pan Dahai	Пань Дахай	20
Pan Fading	Пань Фадин	17
Pan Gu	Пань Гу	15
Pan Gui	Пань Гуй	12
Pan Hannin	Пань Ханьнин	5
Pan Mingkuang	Пань Минкуан	10
Pan Qi	Пань Ци	4
Pan Sanlang	Пань Саньлан	5
Pan Xinniang	Пань Синьнян	11
Pan Zi	Пань Цзы	4
Pu Tao	Пу Тао	9
Qiu Lian	Цю Лянь	3
Qiu Ming	Цю Мин	6
Qiu Qiuren	Цю Цюжэнь	9
Qiu San	Цю Сань	3
Qiu Xian	Цю Сянь	6
Ren Baoyu	Жэнь Баоюй	8
Ren Huaijin	Жэнь Хуайцзинь	3
Ren Jing	Жэнь Цзин	29
Ren Pingzhao	Жэнь Пинчжао	21
Ren Ren	Жэнь Жэнь	3
Ren Sanlang	Жэнь Саньлан	7
Ren Shuiliu	Жэнь Шуйлю	7
Ren Shuiyun	Жэнь Шуйюнь	3
Ren Tiankuan	Жэнь Тянькуань	3
Ren Xiaoping	Жэнь Сяопин	19
Ren Yingying	Жэнь Инъин	3
Rong Miao	Жун Мяо	11
Rong Sangshui	Жун Саншуй	12
Rong Xiu	Жун Сю	3
Rong Yi	Жун И	6
Rong Zehua	Жун Цзэхуа	11
Shan Tao	Шань Тао	3
Shi Yue	Ши Юэ	3
Shopkeeper Chang	Хозяин Чан	4
Shu Ai	Шу Ай	18
Shu Meng	Шу Мэн	3
Su Bu	Су Бу	6
Su Li	Су Ли	6
Su Ming	Су Мин	3
Su Puyan	Су Пуянь	4
Su Qin	Су Цинь	6
Su Shi	Су Ши	10
Su Wu	Су У	3
Su Xun	Су Сюнь	5
Su Ying	Су Ин	3
Su Zhe	Су Чжэ	5
Tang Yue	Тан Юэ	31
Tao Ju	Тао Цзюй	12
Tao Ran	Тао Жань	12
Tao Tingliu	Тао Тинлю	9
Tao Tingqiao	Тао Тинцяо	5
Tao Wang	Тао Ван	10
Tao Yuanming	Тао Юаньмин	4
Tuoba Hong	Тоба Хун	4
Wei Rujun	Вэй Жуцзюнь	6
Wei Zifu	Вэй Цзыфу	3
Wu Xin	У Синь	4
Xiao Lin	Сяо Линь	3
Xiao Yao	Сяо Яо	10
Xin Lang	Синь Лан	7
Xin Nu	Синь Ню	2
Xin Qiji	Синь Цицзи	4
Xu Zhu	Сюй Чжу	3
Xue Baochai	Сюэ Баочай	3
Xue Gui	Сюэ Гуй	6
Xue Pan	Сюэ Пань	3
Xue Shangxing	Сюэ Шансин	2
Xue Tiehe	Сюэ Техэ	2
Xue Yifan	Сюэ Ифань	2
Xue Youzhi	Сюэ Ючжи	10
Xue Yuji	Сюэ Юйцзи	4
Xue Zhihui	Сюэ Чжихуэй	5
Xue Zida	Сюэ Цзыда	6
Yan Shiliu	Янь Шилю	142
Yan Xin	Янь Синь	3
Yang Bao	Ян Бао	3
Yang Xin	Ян Синь	25
Yao Chong	Яо Чун	2
Yao Haizhou	Яо Хайчжоу	2
Yao Yan	Яо Янь	2
Yao Yuan	Яо Юань	28
Ye Xin	Е Синь	10
Yu Lin	Юй Линь	3
Yue Baiwei	Юэ Байвэй	19
Yue Buqun	Юэ Буцюнь	3
Yue Fei	Юэ Фэй	4
Yue Lanfang	Юэ Ланьфан	8
Yue Xiaonu	Юэ Сяону	6
Yue Xiaoshuang	Юэ Сяошуан	8
Yue Xu	Юэ Сюй	4
Zhang Bao	Чжан Бао	88
Zhang Su	Чжан Су	33
Zhen Ai	Чжэнь Ай	22
Zhou Yue	Чжоу Юэ	4
Zhu Bawan	Чжу Бавань	18
Zhu Laosan	Чжу Лаосань	6
Zhu Qing	Чжу Цин	5
Zhu Wen	Чжу Вэнь	13
Zhu Xi	Чжу Си	4
Zhu Xiaojia	Чжу Сяоцзя	10
Zhu Xiaolu	Чжу Сяолу	3
Zhu Yu	Чжу Юй	164
Zhu Yuantu	Чжу Юаньту	4
Zhu Yunshu	Чжу Юньшу	4
Zhuge Jing	Чжугэ Цзин	4
Ai Mei	Ай Мэй	15
Aunt Guo	Тётя Го	7
Aunt Lan	Тётя Лань	4
Aunt Ling	Тётя Лин	2
Aunt Ni	Тётя Ни	4
Bai Ji	Бай Цзи	16
Bai Lian	Бай Лянь	2
Bandit Kang	Бандит Кан	2
Bao Xiaoxiao	Бао Сяосяо	3
Bi Lian	Би Лянь	8
Bian Que	Бянь Цюэ	16
Bian River Ferry	Паром на реке Бянь	10
Bian River Rower	Гребец на реке Бянь	11
Bing Xian	Бин Сянь	2
Boredom Wan	Скучающий Вань	7
Bu Chao	Бу Чао	2
Bu Gan	Бу Гань	2
Bu Haigu	Бу Хайгу	2
Bu Jingqiu	Бу Цзинцю	3
Bu Pa	Бу Па	3
Bu Pingsheng	Бу Пиншэн	9
Bu Qingming	Бу Цинмин	2
Bu Ruowen	Бу Жовэнь	2
Bu San	Бу Сань	2
Bu Shao	Бу Шао	2
Bu Tianqiong	Бу Тяньцюн	2
Bu Zhidao	Бу Чжидао	2
Cai Cai	Цай Цай	16
Cai Huan	Цай Хуань	2
Cai Lun	Цай Лунь	3
Cai Yucheng	Цай Юйчэн	5
Cai Zhu	Цай Чжу	8
Cang Jie	Цан Цзе	2
Cao Pi	Цао Пи	3
Cao Zhi	Цао Чжи	9
Cen Fuzi	Цэнь Фуцзы	6
Cen Ping	Цэнь Пин	10
Cen Sanwei	Цэнь Саньвэй	3
Cen Shen	Цэнь Шэнь	3
Cen Yantao	Цэнь Яньтао	2
Cen Yi	Цэнь И	2
Cha Xiaocheng	Ча Сяочэн	2
Chang Kang	Чан Кан	3
Chang Zhi	Чан Чжи	2
Chen Lian	Чэнь Лянь	7
Chen Mei	Чэнь Мэй	9
Chen Shisan	Чэнь Шисань	13
Chen Xiaolong	Чэнь Сяолун	3
Chen Xiaomin	Чэнь Сяоминь	6
Chen Xiaoyu	Чэнь Сяоюй	11
Chen Zhi	Чэнь Чжи	2
Cheng Baijiu	Чэн Байцзю	4
Cheng Miao	Чэн Мяо	3
Cheng Wuqi	Чэн Уци	5
Cheng Xiaojie	Чэн Сяоцзе	2
Cheng Xiaomin	Чэн Сяоминь	6
Child Ku	Ребёнок Ку	11
Chu Hao	Чу Хао	9
Chu Hui	Чу Хуэй	4
Chu Shiyi	Чу Шии	50
Chu Xi	Чу Си	5
Cui Hao	Цуй Хао	4
Cui Jie	Цуй Цзе	3
Cui Mei	Цуй Мэй	9
Cui Xian	Цуй Сянь	7
Cui Xiaolian	Цуй Сяолянь	3
Da Huang	Да Хуан	13
Deng Yun	Дэн Юнь	2
Diao Rou	Дяо Жоу	2
Ding Ji	Дин Цзи	4
Dong Kang	Дун Кан	3
Dong Zhuo	Дун Чжо	5
Dou Mao	Доу Мао	14
Dou Ren	Доу Жэнь	4
Dou Xun	Доу Сюнь	2
Du Kang	Ду Кан	7
Er Lang	Эр Лан	10
Fan Gao	Фань Гао	2
Fan Ju	Фань Цзюй	8
Fan Kang	Фань Кан	2
Fei Boyi	Фэй Бои	2
Fei Shuyi	Фэй Шуи	2
Fei Yun	Фэй Юнь	6
Feng Bu	Фэн Бу	2
Feng Wuyi	Фэн Уи	4
Fu Jun	Фу Цзюнь	7
Fu Xi	Фу Си	4
Gao Cuilan	Гао Цуйлань	3
Gao Lishi	Гао Лиши	4
Gao Qing	Гао Цин	11
Gao Qiu	Гао Цю	5
Gao Shi	Гао Ши	4
Gao Xian	Гао Сянь	2
Gao Ze	Гао Цзэ	3
Ge Mang	Гэ Ман	16
Ge Nü	Гэ Нюй	2
Ge Ruofei	Гэ Жофэй	2
Ge Shun	Гэ Шунь	2
Ge Xiang'an	Гэ Сянъань	3
Ge Xiaolai	Гэ Сяолай	2
Gongzi Frost	Гунцзы Фрост	6
Gongzi Untraceable	Гунцзы Неотслеживаемый	2
Grandpa Hui	Дедушка Хуэй	4
Granny Kang	Бабушка Кан	2
Granny Lian	Бабушка Лянь	2
Granny Tian Shui	Бабушка Тянь Шуй	7
Gu Zhi	Гу Чжи	25
Guan Chaofeng	Гуань Чаофэн	4
Guan Hanqing	Гуань Ханьцин	6
Guan Jinmao	Гуань Цзиньмао	2
Guan Qingjue	Гуань Цинцзюэ	3
Guan Sheng	Гуань Шэн	3
Guan Yu	Гуань Юй	24
Guan Zhong	Гуань Чжун	6
Gui Shui	Гуй Шуй	2
Gui Wuqian	Гуй Уцянь	2
Guo Da	Го Да	4
Guo Jia	Го Цзя	6
Guo Jinrong	Го Цзиньжун	11
Guo Wei	Го Вэй	13
Guo Xiangrong	Го Сянжун	3
Guo Xiaomao	Го Сяомао	2
Guo Xie	Го Се	4
Guo Xin	Го Синь	19
Han Ji	Хань Цзи	3
Han Xiaojun	Хань Сяоцзюнь	6
Hao Haoqi	Хао Хаоци	2
Hao Jiu	Хао Цзю	12
Hao Nan	Хао Нань	2
Hao the Kind	Хао Добрый	5
Hao Xian	Хао Сянь	9
He Gao	Хэ Гао	2
He Xiaocheng	Хэ Сяочэн	3
He Zhi	Хэ Чжи	7
Hou Lei	Хоу Лэй	2
Hu Bian	Ху Бянь	4
Hu Lang	Ху Лан	2
Hu Yun	Ху Юнь	4
Hu Zhong	Ху Чжун	2
Hua Jun	Хуа Цзюнь	3
Hua Xian	Хуа Сянь	3
Huan Lang	Хуань Лан	5
Huang Chenqing	Хуан Чэньцин	5
Huang Dalang	Хуан Далан	3
Huang Gai	Хуан Гай	5
Huang Hanqing	Хуан Ханьцин	2
Huang Liang	Хуан Лян	4
Huang Shijiu	Хуан Шицзю	2
Huang Suxinxin	Хуан Сусиньсинь	2
Huang Xiao'e	Хуан Сяоэ	2
Huang Xiaode	Хуан Сяодэ	2
Huang Yaoshi	Хуан Яоши	3
Huang Zhong	Хуан Чжун	12
Huo Feng	Хо Фэн	4
Huo Hanling	Хо Ханьлин	3
Huo Kunpeng	Хо Куньпэн	3
Huo Li	Хо Ли	3
Huo Qubing	Хо Цюйбин	5
Huo Xiaobei	Хо Сяобэй	2
Huyan Zhuo	Хуянь Чжо	3
Ji Chang	Цзи Чан	3
Ji Fa	Цзи Фа	3
Ji Kang	Цзи Кан	5
Ji Mengxian	Цзи Мэнсянь	2
Ji Pingguang	Цзи Пингуан	2
Ji Shijiu	Цзи Шицзю	2
Ji Yuehua	Цзи Юэхуа	6
Ji Yueming	Цзи Юэмин	3
Jia Lian	Цзя Лянь	2
Jiang Ge	Цзян Гэ	2
Jiang Ping	Цзян Пин	5
Jiang Zhi	Цзян Чжи	3
Jie Wei	Цзе Вэй	2
Jin Huo	Цзинь Хо	31
Jin Xiaozhu	Цзинь Сяочжу	4
Jun Wuyi	Цзюнь Уи	25
Kang Hai	Кан Хай	2
Kong Anren	Кун Аньжэнь	2
Kong Jun	Кун Цзюнь	5
Kong Shadong	Кун Шадун	9
Kong Shan	Кун Шань	2
Kong Shizhong	Кун Шичжун	2
Kong Zhien	Кун Чжиэнь	2
Lan Han	Лань Хань	5
Lan Huahua	Лань Хуахуа	6
Lan Wuniang	Лань Унян	5
Lang Yi	Лан И	3
Le Ming	Лэ Мин	3
Lei Bin	Лэй Бинь	4
Lei Chengzhi	Лэй Чэнчжи	2
Lei Zu	Лэй Цзу	2
Leng Chunyang	Лэн Чуньян	9
Leng Dancui	Лэн Даньцуй	8
Leng Yue	Лэн Юэ	4
Li Ge	Ли Гэ	3
Li Jun	Ли Цзюнь	40
Li Leng	Ли Лэн	2
Li Mei	Ли Мэй	10
Li Ming	Ли Мин	4
Li Xiaohe	Ли Сяохэ	2
Li Xiaomei	Ли Сяомэй	9
Li Xiaowu	Ли Сяоу	3
Li Xiu	Ли Сю	5
Lian Chun	Лянь Чунь	4
Lian Dong	Лянь Дун	3
Lian Jia	Лянь Цзя	2
Lian Nichang	Лянь Ничан	2
Lian Ning	Лянь Нин	4
Lian Po	Лянь По	4
Lian Tianhu	Лянь Тяньху	2
Liang Miao	Лян Мяо	2
Liang Xiaolong	Лян Сяолун	2
Lin Sisi	Линь Сысы	3
Lin Yi	Линь И	4
Ling Li	Лин Ли	3
Ling Quan	Лин Цюань	15
Ling Yidao	Лин Идао	3
Ling Yuming	Лин Юймин	17
Ling Zhifeng	Лин Чжифэн	5
Liu Ge	Лю Гэ	2
Liu Ling	Лю Лин	3
Liu Peng	Лю Пэн	13
Liu Xian	Лю Сянь	28
Liu Xiaohe	Лю Сяохэ	2
Liu Xiaoyu	Лю Сяоюй	4
Liu Xiu	Лю Сю	3
Liu Zhi	Лю Чжи	5
Long Fei	Лун Фэй	2
Lü Bu	Люй Бу	4
Lü Buwei	Люй Бувэй	3
Lü Lang	Люй Лан	2
Lü Le	Люй Лэ	3
Lu Ping	Лу Пин	6
Lu Xi	Лу Си	4
Lü Xiaodi	Люй Сяоди	3
Lu Xiaofeng	Лу Сяофэн	4
Lü Ye	Люй Е	4
Lü Zexu	Люй Цзэсюй	2
Lu Zhuo	Лу Чжо	6
Luo Binwang	Ло Биньван	3
Luo Dagu	Ло Дагу	3
Luo Hongxin	Ло Хунсинь	4
Luo Jiu	Ло Цзю	9
Luo Kongkong	Ло Конкон	4
Luo Liuzi	Ло Люцзы	3
Luo Qian	Ло Цянь	7
Luo Sen	Ло Сэнь	7
Luo Xiaochuan	Ло Сяочуань	5
Luo Xiaohe	Ло Сяохэ	2
Luo Yan'er	Ло Яньэр	2
Luo Yu	Ло Юй	4
Luo Yuchuan	Ло Юйчуань	4
Madam Lin	Мадам Линь	2
Madam Miao	Мадам Мяо	2
Madam Yun	Мадам Юнь	2
Man Xiaozhong	Мань Сяочжун	2
Mei Aoxue	Мэй Аосюэ	7
Mei Chaofeng	Мэй Чаофэн	3
Mei Chuanyi	Мэй Чуаньи	11
Mei Sang	Мэй Сан	7
Mei Si	Мэй Сы	3
Mei Yiyi	Мэй Ии	4
Meng Hui	Мэн Хуэй	2
Meng Kong	Мэн Кун	2
Meng Xiaoyi	Мэн Сяои	2
Mi Guo	Ми Го	2
Miao Afei	Мяо Афэй	3
Miao Ayuan	Мяо Аюань	4
Miao Jingzong	Мяо Цзинцзун	4
Miao Jiuniang	Мяо Цзюнян	3
Miao Jue	Мяо Цзюэ	9
Miao Yuanfeng	Мяо Юаньфэн	4
Ming Tiandi	Мин Тяньди	14
Ming Xinye	Мин Синье	7
Ni Daniang	Ни Даньнян	2
Ni Xiaoping	Ни Сяопин	5
Ni Yun	Ни Юнь	4
Old Cai	Старый Цай	25
Old Jun	Старый Цзюнь	30
Old Zhong	Старый Чжун	3
Ouyang Fei	Оуян Фэй	2
Ouyang Xiu	Оуян Сю	4
Pan Dahai	Пань Дахай	20
Pan Hui	Пань Хуэй	15
Pan Zi	Пань Цзы	4
Peng Jingwu	Пэн Цзинъу	5
Peng Shizhi	Пэн Шичжи	9
Pi Qiaoyun	Пи Цяоюнь	13
Pi Yigua	Пи Игуа	9
Pi Yunqiao	Пи Юньцяо	2
Ping Xiaoyan	Пин Сяоянь	5
Qin Hao	Цинь Хао	2
Qin Hui	Цинь Хуэй	3
Qin Ming	Цинь Мин	4
Qin Shi Huang	Цинь Ши Хуан	11
Qing Erwu	Цин Эръу	2
Qingmei Manor	Усадьба Цинмэй	2
Qiu Lian	Цю Лянь	3
Qiu Ming	Цю Мин	6
Qiu Xian	Цю Сянь	6
Ren Xiaomin	Жэнь Сяоминь	2
Rong Miao	Жун Мяо	11
Rong Xiaoxiao	Жун Сяосяо	3
Rong Xiu	Жун Сю	3
Ruan Ji	Жуань Цзи	7
Ruan Xian	Жуань Сянь	3
Ruan Xiaowu	Жуань Сяоу	2
Ruo Lan	Жо Лань	10
Sang Xiaohua	Сан Сяохуа	2
Sha Lang	Ша Лан	5
Shao Dongjia	Шао Дунцзя	7
Shao Qian	Шао Цянь	3
Shao Qing	Шао Цин	3
Shen Lan	Шэнь Лань	8
Shen Peng	Шэнь Пэн	4
Shen Wuqi	Шэнь Уци	35
Shi Hao	Ши Хао	7
Shi Lei	Ши Лэй	9
Shi Ming	Ши Мин	14
Shi Zhen	Ши Чжэнь	41
Shiba Inu	Сиба ину	2
Shu Shijiu	Шу Шицзю	3
Shui Changliu	Шуй Чанлю	12
Shui Mu Fen	Шуй Муфэнь	2
Si Shisan	Сы Шисань	2
Sister Qiang	Сестра Цян	27
Soldier Kang	Солдат Кан	3
Su Bu	Су Бу	6
Su Ming	Су Мин	3
Sun Qiang	Сунь Цян	2
Sun Shui	Сунь Шуй	9
Sun Xiaoxiao	Сунь Сяосяо	2
Sun Xiaoyi	Сунь Сяои	3
Tao Ju	Тао Цзюй	12
Tao Xiaoxiao	Тао Сяосяо	8
Tian Fei	Тянь Фэй	5
Tian Miao	Тянь Мяо	5
Tian Zhen	Тянь Чжэнь	5
Ting Lan	Тин Лань	12
Tong Xiaoshu	Тун Сяошу	4
Tong Xiaoyun	Тун Сяоюнь	36
Uncle Ku	Дядя Ку	5
Uncle Shui	Дядя Шуй	3
Wan Guangming	Вань Гуанмин	2
Wan Huacong	Вань Хуацун	4
Wan Jun	Вань Цзюнь	2
Wan Miaolan	Вань Мяолань	2
Wan Miaoyun	Вань Мяоюнь	4
Wan Siqiu	Вань Сыцю	2
Wan Xiaosong	Вань Сяосун	2
Wan Zhi'an	Вань Чжиань	22
Wang Dou	Ван Доу	8
Wang Jiuer	Ван Цзюэр	2
Wang Ping	Ван Пин	10
Wang Shisan	Ван Шисань	28
Wang Xiaoyu	Ван Сяоюй	2
Wang Xiaozhu	Ван Сяочжу	2
Wang Yun	Ван Юнь	3
Wang Zhi	Ван Чжи	4
Wei Cai	Вэй Цай	2
Wen Jun	Вэнь Цзюнь	6
Wen Ling	Вэнь Лин	12
Wen Xian	Вэнь Сянь	2
Wu Erbai	У Эрбай	7
Wu Hui	У Хуэй	3
Wu Jun	У Цзюнь	5
Wu Zhong	У Чжун	6
Xi Fufu	Си Фуфу	4
Xi Honglei	Си Хунлэй	3
Xi Shi	Си Ши	10
Xi Xiaodie	Си Сяодэ	2
Xi Xun	Си Сюнь	3
Xi Zhuzhu	Си Чжучжу	4
Xi Zicheng	Си Цзычэн	4
Xia Aze	Ся Ацзэ	3
Xia Bulai	Ся Булай	10
Xia He	Ся Хэ	2
Xia Hui	Ся Хуэй	3
Xia Jiu	Ся Цзю	2
Xia Jiuliu	Ся Цзюлю	2
Xia Qi	Ся Ци	2
Xia Shi	Ся Ши	7
Xia Xiaojiu	Ся Сяоцзю	2
Xia Zhi	Ся Чжи	3
Xian Youyu	Сянь Юю	5
Xiang Ling	Сян Лин	3
Xiang Xiaoling	Сян Сяолин	11
Xiang Xiu	Сян Сю	3
Xiao Jiujiu	Сяо Цзюцзю	3
Xiao Jun	Сяо Цзюнь	5
Xiao Lian	Сяо Лянь	2
Xiao Shiqi	Сяо Шици	21
Xiao Yun	Сяо Юнь	3
Xiaofeng	Сяофэн	10
Xiaoguo	Сяого	11
Xiaohe	Сяхэ	8
Xiaojiang	Сяоцзян	3
Xiaojie	Сяоцзе	13
Xiaowu	Сяоу	27
Xie Hui	Се Хуэй	4
Xie Yun	Се Юнь	23
Xin Lang	Синь Лан	7
Xin Shisi Niang	Синь Шисынян	2
Xing Zhong	Син Чжун	2
Xu Ming	Сюй Мин	5
Yan Ge	Янь Гэ	3
Yan Hui	Янь Хуэй	12
Yan Ping	Янь Пин	4
Yan Zi	Янь Цзы	2
Yang Ming	Ян Мин	15
Yang Ping	Ян Пин	8
Yang Xinyi	Ян Синьи	2
Yang Zhi	Ян Чжи	2
Ye Xian	Е Сянь	4
Ye Xiaowu	Е Сяоу	4
Yi Xiaowu	И Сяоу	3
You Hao	Ю Хао	2
You Lin	Ю Линь	2
Young Gongzi	Юный Гунцзы	14
Yu Hao	Юй Хао	12
Yu Hui	Юй Хуэй	5
Yu Meiren	Юй Мэйжэнь	3
Yu Xian	Юй Сянь	6
Yu Xiaojie	Юй Сяоцзе	3
Yuan Hao	Юань Хао	9
Yuan Shao	Юань Шао	4
Yuan Zhen	Юань Чжэнь	9
Yue Fei	Юэ Фэй	4
Yun Ting	Юнь Тин	2
Zeng Jun	Цзэн Цзюнь	4
Zhan Jie	Чжань Цзе	2
Zhang Fei	Чжан Фэй	6
Zhang Lang	Чжан Лан	6
Zhang Lian	Чжан Лянь	5
Zhang Ling	Чжан Лин	3
Zhang Ping	Чжан Пин	2
Zhang Wan	Чжан Вань	6
Zhang Xiaowu	Чжан Сяоу	3
Zhang Zhen	Чжан Чжэнь	2
Zhao Gao	Чжао Гао	5
Zhao Ling	Чжао Лин	2
Zhao Ping	Чжао Пин	2
Zhen Ai	Чжэнь Ай	22
Zhen Fenqin	Чжэнь Фэньцинь	3
Zhen Fu	Чжэнь Фу	3
Zhen Huo	Чжэнь Хо	6
Zhen Ping'an	Чжэнь Пинъань	11
Zhen Xiaoqiang	Чжэнь Сяоцян	2
Zhen Yin	Чжэнь Инь	2
Zhen Yu	Чжэнь Юй	3
Zheng Zhi	Чжэн Чжи	3
Zhong Ling	Чжун Лин	3
Zhong Mo	Чжун Мо	5
Zhong Rang	Чжун Жан	2
Zhong Wenping	Чжун Вэньпин	35
Zhou Ju	Чжоу Цзюй	4
Zhou Qiang	Чжоу Цян	32
Zhou Qiqi	Чжоу Цици	35
Zhu Jiuba	Чжу Цзюба	5
Zhu Xi	Чжу Си	4
Zhuang Peng	Чжуан Пэн	2
Zhuo Ce	Чжо Цэ	8
Zhuo Fengzi	Чжо Фэнцзы	9
Zhuo Hong	Чжо Хун	2
Zhuo Wenjun	Чжо Вэньцзюнь	6
Zhuo Yulin	Чжо Юйлинь	11
Zi Yun	Цзы Юнь	2
